{
  "type": "ItemTurret",
  "name": "Assail",
  "description": "A better version of the Swarmer. More damage and attack speed.",
  "health": 1800,
  "reload": 37,
  "heatColor": "ff2020",
  "shootCone": 20,
  "inaccuracy": 1,
  "recoil": 2.6,
  "size": 3,
  "range": 190,
  "consumes": {
    "coolant": {
      "amount": 0.6
    }
  },
  "coolantMultiplier": 2.8,
  "shoot": {
    "type": "ShootAlternate",
    "shots": 7,
    "spread": 3,
    "barrels": 7,
    "shotDelay": 5
  },
  "maxAmmo": 75,
  "ammoTypes": {
    "superitem": {
      "type": "MissileBulletType",
      "width": 8,
      "height": 8,
      "shrinkY": 0,
      "splashDamageRadius": 30,
      "splashDamage": 42,
      "ammoMultiplier": 5,
      "hitEffect": "blastExplosion",
      "despawnEffect": "blastExplosion",
      "status": "blasted",
      "statusDuration": 60,
      "damage": 100,
      "speed": 6,
      "lifetime": 30
    },
    "pyratite": {
      "type": "MissileBulletType",
      "frontColor": "e49431",
      "backColor": "c9842f",
      "width": 7,
      "height": 8,
      "shrinkY": 0,
      "homingPower": 0.08,
      "splashDamageRadius": 20,
      "splashDamage": 40,
      "damage": 14,
      "makeFire": true,
      "ammoMultiplier": 5,
      "hitEffect": "blastExplosion",
      "status": "burning"
      "speed": 6,
      "lifetime": 30
    },
    "surge-alloy": {
      "type": "MissileBulletType",
      "width": 8,
      "height": 8,
      "shrinkY": 0,
      "splashDamageRadius": 25,
      "splashDamage": 60,
      "damage": 24,
      "hitEffect": "blastExplosion",
      "despawnEffect": "blastExplosion",
      "ammoMultiplier": 4,
      "lightning": 2,
      "lightningLength": 10,
      "lightningDamage": 15,
      "speed": 6,
      "lifetime": 30
    },
    "potássio": {
      "type": "MissileBulletType",
      "width": 8,
      "height": 8,
      "shrinkY": 0,
      "splashDamageRadius": 25,
      "splashDamage": 71,
      "damage": 130,
      "hitEffect": "blastExplosion",
      "despawnEffect": "blastExplosion",
      "ammoMultiplier": 4,
      "lightning": 3,
      "lightningLength": 12,
      "lightningDamage": 18,
      "speed": 6,
      "lifetime": 90
    }
  },
  "requirements": [
    {
      "item": "graphite",
      "amount": 200
    },
    {
      "item": "silicon",
      "amount": 200
    },
    {
      "item": "titanium",
      "amount": 300
    },
    {
      "item": "plastanium",
      "amount": 150
    }
  ],
  "shootSound": "missile",
  "category": "turret",
  "research": "duo"
}
