{
  "type": "unitFactory",
  "name": "Flying Block Factory",
  "size": 3,
  "plans": [
    {
      "unit": "flying-duo",
      "requirements": [
        "copper/35"
      ],
      "time": 30
    },
    {
      "unit": "flying-scatter",
      "requirements": [
        "copper/85",
        "lead/45"
      ],
      "time": 90
    },
    {
      "unit": "flying-scorch",
      "requirements": [
        "copper/25",
        "graphite/22"
      ],
      "time": 60
    },
    {
      "unit": "flying-hail",
      "requirements": [
        "copper/40",
        "graphite/17"
      ],
      "time": 40
    },
    {
      "unit": "flying-wave",
      "requirements": [
        "copper/25",
        "lead/75",
        "metaglass/45"
      ],
      "time": 140
    },
    {
      "unit": "flying-lancer",
      "requirements": [
        "copper/60",
        "lead/70",
        "silicon/60",
        "titanium/30"
      ],
      "time": 160
    },
    {
      "unit": "flying-arc",
      "requirements": [
        "copper/50",
        "lead/50"
      ],
      "time": 60
    },
    {
      "unit": "flying-swarmer",
      "requirements": [
        "graphite/35",
        "titanium/35",
        "plastanium/45",
        "silicon/30"
      ],
      "time": 150
    },
    {
      "unit": "flying-salvo",
      "requirements": [
        "copper/100",
        "graphite/80",
        "titanium/50"
      ],
      "time": 180
    },
    {
      "unit": "flying-tsunami",
      "requirements": [
        "metaglass/100",
        "lead/400",
        "titanium/250",
        "thorium/100"
      ],
      "time": 780
    },
    {
      "unit": "flying-fuse",
      "requirements": [
        "copper/225",
        "graphite/225",
        "thorium/100"
      ],
      "time": 450
    },
    {
      "unit": "flying-ripple",
      "requirements": [
        "copper/150",
        "graphite/135",
        "titanium/60"
      ],
      "time": 270
    },
    {
      "unit": "flying-cyclone",
      "requirements": [
        "copper/200",
        "titanium/125",
        "plastanium/80"
      ],
      "time": 330
    },
    {
      "unit": "flying-foreshadow",
      "requirements": [
        "copper/1000",
        "metaglass/600",
        "surge-alloy/300",
        "plastanium/200",
        "silicon/600"
      ],
      "time": 2500
    },
    {
      "unit": "flying-spectre",
      "requirements": [
        "copper/900",
        "graphite/300",
        "surge-alloy/250",
        "plastanium/175",
        "thorium/250"
      ],
      "time": 1560
    },
    {
      "unit": "flying-meltdown",
      "requirements": [
        "copper/1200",
        "lead/350",
        "graphite/300",
        "surge-alloy/325",
        "silicon/325"
      ],
      "time": 1800
    },
    {
      "unit": "flying-mender",
      "requirements": [
        "copper/25",
        "lead/30"
      ],
      "time": 35
    },
    {
      "unit": "flying-small-copper-wall",
      "requirements": [
        "copper/6"  
      ],
      "time": 20
    },
    {
      "unit": "flying-large-copper-wall",
      "requirements": [
        "copper/24"  
      ],
      "time": 70
    },
    {
      "unit": "flying-small-titanium-wall",
      "requirements": [
        "titanium/6"
      ],
      "time": 40
    },
    {
      "unit": "flying-large-titanium-wall",
      "requirements": [
        "titanium/24"  
      ],
      "time": 140
    }
  ],
  "requirements": [ ],
  "category": "units",
  "research": "core-shard"
}
