{	
	"name": "misturador de potássio",
    "type": "GenericCrafter",
    "description": "mistura tório e carvão para sair 6 potássio",
    "health": 100,
	"size": 2,
	"hasItems": true,
	"itemCapacity": 10,	
	"craftTime": 20,
	"craftEffect": "smeltsmoke",
	"updateEffect": "none",
	"consumes": {
		"items": {
			"items": [
               "thorium/6",
               "coal/2"
			]
		}
	},
	"requirements": [
        "copper/50",
        "lead/25",
        "thorium/25"
	],
	"category": "crafting",
	"research": "graphite-press",
	"outputItem": "potássio/4"
}