{	
	"name": "Solificador de potássio",
    "type": "GenericCrafter",
    "description": "solidica seu estado liquido e sai 4 potássio",
    "health": 100,
	"size": 2,
	"hasItems": true,
	"itemCapacity": 10,	
	"craftTime": 20,
	"craftEffect": "smeltsmoke",
	"updateEffect": "none",
	"consumes": {
		"liquids": {
			"liquids": [
               "cloratodepottasio/2",            
			]
		}
	},
	"requirements": [
        "copper/50",
        "lead/25",
        "thorium/25"
	],
	"category": "crafting",
	"research": "graphite-press",
	"outputItem": "potássio/4"
}