{
  "type": "flying",
  "localizedName": "Flying Wave",
  "flying": true,
  "speed": 2,
  "health": 1000,
  "engineOffset": 8,
  "weapons": [
    {
      "x": 0,
      "y": 10,
      "reload": 3,
      "inaccuracy": 5,
      "rotate": false,
      "mirror": false,
      "bullet": {
        "type": "LiquidBulletType",
        "liquid": "cryofluid",
        "drag": 0.01,
        "status": "freezing",
        "statusDuration": 120,
        "damage": 0
      }
    }
  ],
   "research": {
    "parent": "flying-hail",
    "requirements": [ ]
  }
}
