{
  "name": "Flying Breach",
  "type": "flying",
  "flying": true,
  "engineOffset": 14,
  "engineSize": 3,
  "speed": 3,
  "health": 1620,
  "drawCell": false,
  "weapons": [
    {
      "x": 0,
      "y": 12,
      "reload": 40,
      "shootCone": 3,
      "rotate": false,
      "mirror": false,
      "shake": 1,
      "bullet": {
        "type": "BasicBulletType",
        "speed": 8,
        "damage": 95,
        "width": 13,
        "height": 19,
        "hitSize": 7,
        "shootEffect": {
          "type": "MultiEffect",
          "effects": [
            {
              "name": "shootBigColor" 
            },
            {
              "name": "colorSparkBig" 
            }
          ]
        },
        "smokeEffect": "shootBigSmoke",
        "pierceCap": 3,
        "pierce": true,
        "hitColor": "768a9a"
        "backColor": "768a9a",
        "trailColor": "768a9a",
        "frontColor": "ffffff",
        "trailWidth": 2.2,
        "trailLength": 11,
        "hitEffect": "hitBulletColor",
        "despawnEffect": "hitBulletColor",
        "buildingDamageMultiplier": 0.3
      }
    }
  ],
  "research": "flying-turret-factory"
}
