{
  "type": "flying",
  "localizedName": "Flying Scatter",
  "flying": true,
  "health": 800,
  "speed": 2,
  "engineOffset": 8,
  "weapons": [
    {
      "x": 0,
      "y": 5,
      "reload": 15,
      "inaccuracy": 17,
      "range": 220,
      "shoot": {
        "shotDelay": 5,
        "shots": 2
      },
      "rotate": false,
      "mirror": false,
      "bullet": {
        "type": "FlakBulletType",
        "lifetime": 60,
        "speed": 4,
        "width": 6,
        "height": 8,
        "shootEffect": "shootSmall",
        "splashDamage": 45,
        "splashDamageRadius": 20,
        "damage": 3,
        "hitEffect": "flakExplosion",
        "fragBullets": 6,
        "fragBullet": {
          "type": "BasicBulletType",
          "width": 5,
          "height": 12,
          "shrinkY": 1,
          "lifetime": 20,
          "despawnEffect": "none",
          "collidesGround": false
        }
      }
    }
  ],
   "research": {
    "parent": "flying-duo",
    "requirements": [ ]
  }
}
